Nodes,Weights
1826.3601587817022,155.66096348191618
1584.7743367394337,314.4590365180838
1231.0,373.76
877.2256632605662,314.4590365180838
635.6398412182978,155.66096348191618
