Nodes,Weights
1279.2865429973058,87.66294747078993
1143.2336447391026,177.0926080847656
944.0,210.48888888888888
744.7663552608973,177.0926080847656
608.7134570026943,87.66294747078993
